{"chunk_definitions":[{"chunk_id":"csetup_chunk","chunk_label":"setup","document_id":"BA74798C","expansion_state":0,"options":{"engine":"r","include":false,"label":"setup"},"row":13,"row_count":1,"visible":true},{"chunk_id":"c20t0k206d3fe","chunk_label":"unnamed-chunk-2","document_id":"BA74798C","expansion_state":0,"options":{"echo":false,"engine":"r","label":"unnamed-chunk-44"},"row":67,"row_count":1,"visible":true},{"chunk_id":"ch7k1ghrjslo1","chunk_label":"df","document_id":"BA74798C","expansion_state":0,"options":{"echo":false,"engine":"r","eval":true,"label":"df"},"row":116,"row_count":1,"visible":true},{"chunk_id":"cmb9nzf63xd4c","chunk_label":"unnamed-chunk-5","document_id":"BA74798C","expansion_state":0,"options":{"echo":true,"engine":"r","eval":false,"label":"unnamed-chunk-6"},"row":148,"row_count":1,"visible":true},{"chunk_id":"cl1aiverqqkee","chunk_label":"unnamed-chunk-6","document_id":"BA74798C","expansion_state":0,"options":{"echo":true,"engine":"r","eval":false,"label":"unnamed-chunk-19"},"row":162,"row_count":1,"visible":true}],"doc_write_time":1576842977}