{"chunk_definitions":[{"chunk_id":"csetup_chunk","chunk_label":"setup","document_id":"BA74798C","expansion_state":0,"options":{"engine":"r","include":false,"label":"setup"},"row":12,"row_count":1,"visible":true},{"chunk_id":"c20t0k206d3fe","chunk_label":"unnamed-chunk-2","document_id":"BA74798C","expansion_state":0,"options":{"echo":false,"engine":"r","label":"unnamed-chunk-44"},"row":65,"row_count":1,"visible":true},{"chunk_id":"cmb9nzf63xd4c","chunk_label":"unnamed-chunk-5","document_id":"BA74798C","expansion_state":0,"options":{"echo":true,"engine":"r","eval":false,"label":"unnamed-chunk-6"},"row":145,"row_count":1,"visible":true},{"chunk_id":"cl1aiverqqkee","chunk_label":"unnamed-chunk-6","document_id":"BA74798C","expansion_state":0,"options":{"echo":true,"engine":"r","eval":false,"label":"unnamed-chunk-19"},"row":159,"row_count":1,"visible":true}],"chunk_rendered_width":700,"default_chunk_options":{"echo":true,"eval":true,"message":false,"warning":false},"doc_write_time":1576841971,"working_dir":null}