"0",""
"0","world <- ne_countries(scale = ""medium"", returnclass = ""sf"")"
"0","world <- world %>% filter(subregion != ""Antarctica"") %>% filter(admin != ""Greenland"")"
"0","world <- world %>% select( iso_a3, geometry)"
"0",""
"0","df <- df %>% filter(Year==2017)"
"0","df_world <- left_join(df, world, by = c(""Code""=""iso_a3""))"
"0",""
"0",""
"0","df_world <- df_world %>% mutate(muerte70_6 = as_factor(ntile(`70 and older (deaths)`, 6)))"
"0","df_world <- df_world %>% mutate(muerte70_6 = ntile(`70 and older (deaths)`, 6))"
"0",""
"0",""
"0","A <- ggplot() + geom_sf(data= df_world, aes(geometry=geometry, fill=muerte70_6)) +"
"0","  ggtitle(""Muertes en mayores de 70 años"")"
"0",""
"0",""
"0","df_world <- df_world %>% mutate(muerte50_6 = as_factor(ntile(`50-69 years (deaths)`, 6)))"
"0","df_world <- df_world %>% mutate(muerte50_6 = ntile(`50-69 years (deaths)`, 6))"
"0",""
"0",""
"0","B <-ggplot() + geom_sf(data= df_world, aes(geometry=geometry, fill=muerte50_6)) +"
"0","  scale_fill_viridis_c(option = ""cividis"", trans = ""sqrt"") +"
"0","  ggtitle(""Muertes de 50 a 69 años"")"
"0",""
"0",""
"0","df_world <- df_world %>% mutate(muerte15_6 = as_factor(ntile(`15-49 years (deaths)`, 6)))"
"0","df_world <- df_world %>% mutate(muerte15_6 = ntile(`15-49 years (deaths)`, 6))"
"0",""
"0",""
"0","C <- ggplot() + geom_sf(data= df_world, aes(geometry=geometry, fill=muerte15_6)) +"
"0","  scale_fill_viridis_c(option = ""plasma"", trans = ""sqrt"") +"
"0","  ggtitle(""Muertes de 15 a 49 años"")"
"0",""
"0",""
"0",""
"0","df_world <- df_world %>% mutate(muerte5_6 = as_factor(ntile(`5-14 year (deaths)`, 6)))"
"0","df_world <- df_world %>% mutate(muerte5_6 = ntile(`5-14 year (deaths)`,6))"
"0",""
"0",""
"0","D <- ggplot() + geom_sf(data= df_world, aes(geometry=geometry, fill=muerte5_6)) +"
"0","  scale_fill_viridis_c(trans = ""sqrt"", alpha = .4) +"
"0","  ggtitle(""Muertes de 5 a 14 años"")"
"0",""
"0",""
"0","grid.arrange(A,B,C,D,ncol = 2, nrow= 2,widths = c(5, 5)) +ggplot(data = world)"
"1","NULL
"
