"0",""
"0","p1 <- ggplot(df2, aes(x = reorder(state,drug_deaths), y = drug_deaths)) +"
"0","  geom_col(fill=""darkslategray3"")+"
"0","  coord_flip()  +"
"0","  labs(subtitle = ""En Valor absoluto"") +"
"0","  theme_minimal(base_size = 13) +"
"0","  theme(axis.title.x=element_blank(), axis.title.y =element_blank())  +"
"0","  theme (axis.text.y=element_text(size=rel(1), color=""gray21"", face=""bold""))+"
"0","  theme (axis.text.x =element_text(size=rel(1), color=""gray21"", face=""bold""))+"
"0","  theme (plot.subtitle=element_text(size=rel(1), color=""gray21"", face=""bold""))"
"0",""
"0",""
"0","p2 <- ggplot(df3, aes(x = reorder(state, percent), y = percent)) +"
"0","  geom_col(fill=""deeppink4"") +"
"0","  coord_flip()  +"
"0","  labs(subtitle = ""En porcentaje"") +"
"0","  theme_minimal(base_size = 13) +"
"0","  theme(axis.title.x=element_blank(), axis.title.y =element_blank())  +"
"0","  theme (axis.text.y=element_text(size=rel(1), color=""gray21"", face=""bold""))+"
"0","  theme (axis.text.x =element_text(size=rel(1), color=""gray21"", face=""bold""))+"
"0","  theme (plot.subtitle=element_text(size=rel(1), color=""gray21"", face=""bold""))"
"0",""
"0",""
"0","grid.arrange(p1,p2,ncol = 2, widths = c(5, 5))"
"0",""
